09A,22,AK,1
13A,9,CA,3
290,24,MA,3
13B,12,NJ,1
23H,20,SC,15
13A,25,WA,8
290,21,AZ,3
23C,55,MT,1
23D,25,MI,1
23G,20,MO,1
220,4,TX,1
36B,10,AR,1
220,22,AZ,1
23H,20,CO,5
13A,21,DC,1
13C,23,IL,2
220,20,MA,17
290,18,OR,11
11D,53,TN,2
13A,9,FL,1
270,5,KS,1
13B,22,KY,2
13C,41,KY,1
13A,9,MI,2
13B,5,MI,8
13B,22,SD,1
13B,3,WI,3
23H,13,DC,1
13A,15,NC,3
11C,11,CO,1
13A,3,KS,1
23F,20,LA,1
290,42,MI,1
13B,14,MN,1
13B,3,CA,21
200,20,CO,1
13C,23,CT,4
13C,5,CT,3
13C,20,DC,12
23D,20,KS,4
13C,3,MA,5
290,22,ME,8
290,13,MN,10
09A,25,NY,3
290,14,KY,2
13B,18,NH,1
13B,10,TX,2
13B,44,CA,1
13A,18,CT,1
26B,8,CT,1
13B,51,TN,1
120,18,FL,1
220,17,KS,1
13C,12,KY,3
13B,10,MI,1
120,18,NV,1
13A,3,VA,3
120,13,WA,13
13B,20,NH,4
120,7,AL,1
200,4,WV,1
23H,5,CT,4
290,7,MA,3
40B,13,OH,1
13C,14,FL,1
23F,20,OK,1
240,18,KY,1
13A,4,ND,1
23H,20,CA,5
13C,13,CO,28
13B,1,DC,7
13A,3,IL,12
270,9,KY,1
290,20,TN,87
13C,13,TX,16
13B,20,VA,39
290,2,CA,1
23H,20,FL,2
290,3,KS,1
13B,21,VA,3
23F,20,AZ,2
120,56,CA,1
35B,13,CT,1
13B,6,UT,2
120,1,WI,1
220,12,WV,1
120,25,OH,3
13C,16,MA,1
13C,7,NB,1
13B,50,OR,1
13A,11,TN,1
290,18,CO,22
09B,3,ID,1
290,20,KS,36
290,21,MA,6
13C,5,MI,38
200,10,OH,1
13A,3,VT,1
23H,2,WV,1
13C,22,ND,1
13B,23,NV,2
23C,12,MT,2
280,7,TN,1
290,11,OK,1
13B,53,OK,2
120,7,TN,1
290,21,CA,22
200,5,CA,1
220,1,CO,1
13A,20,DC,11
290,4,FL,26
290,11,FL,3
13B,5,FL,1
13A,13,MA,60
13C,20,MS,1
13C,3,NJ,16
290,10,OH,1
13C,18,OR,7
290,18,UT,5
23H,22,WA,2
23H,25,WV,1
13A,5,CO,3
13A,15,IL,3
13B,13,OK,4
13B,18,OK,2
13B,15,MO,2
23B,25,OH,1
13C,52,OR,1
13A,12,IL,1
290,5,AZ,7
13B,25,CA,28
13C,3,CT,2
13B,24,CT,1
270,20,KY,6
13C,4,MI,14
13C,20,OH,274
290,20,OH,168
13C,25,OR,3
13B,14,TX,3
11D,20,UT,2
26C,18,WA,2
290,11,GA,1
13C,16,MI,1
13C,1,MN,5
26A,21,UT,1
250,9,WV,1
13B,13,LA,6
210,20,UT,1
13C,39,CO,1
290,50,MA,7
120,50,MN,1
13A,50,OR,1
220,5,WI,1
13A,5,TX,1
23H,20,AR,1
120,25,CA,3
13C,19,CA,1
13A,20,FL,15
13B,7,KS,3
13B,13,ME,9
13C,13,MI,91
23D,7,MI,1
23F,18,MI,2
13B,13,MO,38
13B,22,NH,5
13C,25,NH,6
13C,25,WA,32
13C,21,WA,6
220,21,WI,1
13C,1,DE,1
290,25,KY,5
250,7,KY,2
200,18,MI,1
240,18,MO,2
23H,20,MO,1
13C,53,WA,5
220,20,MT,1
13B,47,ND,1
13C,52,PA,1
13A,15,KS,2
13A,23,ME,1
13A,8,TX,1
13B,50,CA,26
290,21,CO,2
23H,18,CO,2
13A,18,IL,5
13C,20,KY,93
290,50,MN,6
13B,13,NH,3
13C,23,NJ,23
13B,9,OK,2
13A,13,OR,25
13B,18,SD,3
13B,9,TN,2
13B,11,ME,2
120,18,OH,3
13A,7,GA,1
290,19,WA,1
23H,20,IL,3
26B,25,MI,1
35A,37,MA,1
290,21,MO,1
290,8,MO,1
13C,50,OR,1
120,10,TX,1
23F,20,KS,5
13B,3,ME,3
23G,18,MI,1
26A,13,ND,1
290,14,NJ,1
26E,20,OH,3
13C,13,OK,5
23H,16,SC,2
23H,53,SC,1
23C,12,UT,2
13B,7,KY,2
290,18,MD,9
220,25,KY,1
26B,20,MO,1
290,52,NC,12
290,3,OH,3
13A,25,PA,1
23H,53,CT,1
13C,11,KS,3
290,23,MI,1
35A,13,TX,1
250,20,TN,1
200,20,WA,1
13B,25,AR,4
13C,1,AZ,9
290,5,CO,5
13B,3,CT,3
120,50,KY,3
220,12,KY,1
13C,7,NC,8
13B,21,NC,5
290,22,OH,4
13C,25,SC,2
13A,3,SC,6
35B,21,TN,2
35A,13,WV,3
290,18,AL,2
13B,6,CA,1
290,11,DC,4
23H,8,UT,2
220,37,KY,2
13C,53,MA,7
23H,25,ND,1
23H,3,MT,1
13A,13,DC,38
13A,13,MN,19
13A,24,GA,1
220,25,IL,1
290,24,KY,2
13C,18,ND,2
13B,1,SD,1
290,9,AZ,1
35A,18,AZ,1
220,50,MN,1
13C,13,NH,1
13B,55,OH,1
290,18,WV,1
11D,50,IN,1
520,22,WV,1
13B,8,DC,2
13A,1,DC,1
13C,11,ID,1
23F,55,VT,1
290,5,IL,1
220,6,KS,1
13A,21,LA,1
290,7,MI,4
13A,18,MN,4
290,3,NV,1
220,21,NV,1
13C,25,UT,2
13B,10,VA,3
13C,18,WA,10
13B,4,CT,2
290,15,MI,1
290,18,NV,1
120,14,OH,3
23C,7,SC,1
09A,20,AR,1
290,16,CO,1
26C,5,OH,1
290,9,WA,3
220,18,MA,2
13B,52,NC,3
290,13,WV,4
13B,53,IN,1
290,11,AZ,6
13B,22,IL,6
13A,20,IN,14
290,13,NV,11
13C,20,OR,22
13B,25,TX,14
13A,18,VA,8
13A,20,VA,6
13A,7,CT,1
290,21,CT,3
13C,12,FL,1
13B,14,OH,5
23H,53,OH,1
26A,20,VA,3
23H,13,IL,1
35B,13,ND,2
290,6,SC,1
270,7,WV,1
290,18,AK,2
13B,53,CA,43
13A,13,KS,10
13B,22,NC,9
23H,20,NY,24
23F,11,SC,1
220,20,WI,4
13B,15,WI,3
290,14,CT,1
120,13,IN,3
13B,15,NC,7
13C,25,IN,4
290,5,MD,3
210,9,MI,1
23F,25,KY,1
23H,18,CT,1
240,18,KS,1
250,23,UT,1
13B,21,AZ,7
13B,21,DC,7
13C,20,GA,44
13C,17,KS,1
13B,11,MA,7
290,2,MN,2
200,25,NV,1
23G,13,OR,1
23D,20,TN,7
35A,21,TN,2
35B,15,TN,1
23H,20,WI,3
23H,7,CT,1
200,13,NJ,1
290,50,OR,1
290,21,VA,3
13B,4,NB,1
23D,25,ND,1
23H,6,OH,2
13A,16,TN,1
290,22,KS,9
13B,20,KY,54
13B,25,MI,8
13A,7,NV,1
13B,13,TX,53
240,25,WA,1
220,25,WA,4
13A,5,ND,1
200,18,PA,1
280,1,WA,1
23C,7,OH,4
13B,11,OR,2
13B,21,ND,1
290,14,CO,1
13B,22,GA,7
290,22,IA,4
13B,14,MO,1
220,14,MT,1
13B,18,TN,25
13C,8,AZ,2
13A,25,KY,1
13B,8,MN,3
13A,18,MO,3
240,13,OH,4
13C,21,SC,2
13C,11,TX,2
13B,21,WA,8
23G,13,ID,1
13B,50,TN,2
290,11,WV,1
290,14,OR,1
13A,12,CA,9
290,23,CA,3
13C,53,CO,12
13A,21,IL,5
290,13,MO,16
120,20,SC,2
220,21,SC,1
13C,4,VA,3
290,4,MN,10
13A,7,OR,2
240,20,UT,1
13B,18,LA,3
290,25,OK,3
23D,5,SC,1
13B,21,CO,1
23H,14,KS,1
23H,48,MT,1
520,8,WI,1
290,11,AL,1
120,52,CA,1
120,12,KY,1
13B,9,NV,2
290,9,VT,1
13C,25,AZ,28
13A,7,CA,10
240,20,CT,1
35A,10,KY,4
250,8,KY,2
23D,12,MI,1
13A,18,NH,1
13B,22,NJ,16
13A,13,NV,31
220,18,UT,1
290,19,KY,1
13C,3,ME,2
120,18,NM,1
13A,22,NV,1
26B,8,WA,1
13B,54,MN,1
23H,20,MT,5
11B,20,TN,1
120,18,TX,4
11A,20,KS,1
13B,5,MD,1
13A,21,OK,1
13C,1,PA,2
23H,20,ME,1
200,13,CA,2
220,24,KY,1
290,2,KY,1
220,46,KY,1
13C,20,MN,68
13B,4,WA,3
290,2,WA,2
13A,7,SC,1
13C,5,TN,5
13B,20,LA,3
13C,15,ND,1
290,18,NH,1
13A,5,WA,1
13B,21,FL,1
23H,11,MI,1
36B,22,WV,1
23H,12,LA,1
13B,25,PA,1
13C,4,AZ,7
13C,22,IA,4
23D,20,MT,6
200,4,NC,3
120,13,NV,10
13B,22,OK,2
23D,21,TN,2
13A,21,TN,2
100,11,TN,1
23H,20,TX,4
290,20,WA,117
290,22,ID,2
13B,24,FL,1
220,4,MD,1
13B,25,WV,1
13B,2,CA,1
250,7,OH,1
23H,5,IL,1
13B,54,TX,1
280,53,UT,1
290,4,AZ,37
290,6,CA,6
13C,7,FL,2
13C,11,MA,14
13A,7,MI,8
13A,55,MI,3
200,20,MN,2
13C,11,NJ,30
13A,18,NV,6
290,18,OH,38
13A,11,SC,2
13A,25,SD,1
220,19,TN,1
290,25,VA,16
200,20,AZ,1
23D,12,CO,1
13A,4,CT,1
13A,14,FL,2
13B,4,MA,1
23H,11,TN,1
13C,8,MA,5
13C,14,NH,1
13B,23,FL,2
290,53,KY,4
290,24,MD,1
13C,23,MI,9
13A,13,SC,13
13A,1,WA,3
13B,20,WV,25
13A,11,IA,1
200,22,IN,1
13B,7,MD,2
13B,15,ND,2
13C,23,NV,1
26A,20,OH,1
13B,25,ID,1
220,21,KY,3
23H,17,OH,1
13A,25,CO,2
290,50,IN,1
13A,13,AR,4
13C,24,GA,1
290,25,IL,8
23H,20,MA,12
280,20,MA,1
35A,20,MI,70
13A,4,MI,1
200,20,MO,4
11B,10,CO,1
13A,22,IN,2
13B,25,ND,1
120,25,NV,2
13B,10,PA,1
13B,18,RI,2
13C,53,TX,2
520,10,VA,1
26B,21,KY,1
290,57,MT,1
13C,1,OH,1
26B,20,UT,1
13A,18,UT,2
290,4,DC,2
23H,53,VA,1
120,53,CA,1
23F,14,KS,1
13A,15,MI,7
220,5,PA,1
290,8,NB,2
13A,18,OR,4
11D,20,SC,2
23D,25,UT,1
23H,5,SD,1
13C,44,CT,1
120,25,WV,1
290,23,KY,1
23D,53,MA,1
13B,25,MT,1
220,22,NJ,1
23C,24,TX,1
290,48,CT,1
13B,18,ND,3
13A,12,NV,4
13A,4,NY,2
13B,15,TN,6
13B,13,WV,5
13C,21,OR,1
290,50,SD,1
120,14,ID,1
26A,8,KS,1
290,8,KS,1
13B,1,MN,3
13C,25,NY,50
13A,25,CT,2
13B,25,KS,2
13C,21,NV,4
23H,13,OH,11
23H,55,SC,1
200,4,UT,1
290,3,CA,2
13C,52,MI,5
13A,6,NC,1
26C,20,CO,1
35A,25,MI,1
13B,5,NC,4
290,24,CA,14
13B,6,CT,1
23F,13,MA,6
13C,13,ND,4
13B,20,OK,9
23D,20,OR,2
290,5,VA,11
13B,3,IN,8
13C,7,MN,2
290,15,MT,1
13B,5,NM,1
23F,20,OH,7
120,13,PA,2
520,22,AZ,1
26B,25,MO,1
270,8,ID,1
13A,14,MI,1
13B,48,RI,1
13C,25,DC,5
13A,21,KY,2
13C,42,MI,1
13B,53,MN,11
13C,20,MO,36
13C,22,NJ,200
13B,7,OH,3
13C,12,NC,7
23G,25,WI,1
290,48,CA,1
290,23,GA,1
290,9,TN,4
11A,20,OH,1
11A,13,IN,1
35B,20,KY,2
200,24,MA,1
13A,51,MI,1
26B,25,OH,1
120,25,DC,2
13A,20,IA,7
13C,7,KS,2
13B,9,MI,10
13C,21,MI,15
290,22,NC,7
120,13,NJ,6
290,2,TN,2
220,20,UT,8
23D,5,WA,3
11A,16,MN,1
290,3,AZ,2
11A,13,DC,1
26A,20,WI,2
35A,20,SC,1
13B,25,IL,5
11D,20,KY,6
35A,13,KY,3
290,20,MN,59
290,18,MO,9
290,25,NY,956
290,52,OH,9
13C,3,TN,1
290,25,KS,6
290,55,SC,2
13C,25,ID,1
13B,53,MT,2
290,5,TN,2
290,7,AZ,1
13A,12,FL,1
100,20,TN,3
13C,4,TX,4
11A,16,CA,1
13B,11,CA,6
290,6,CT,2
13B,25,DC,13
13B,53,MI,45
13B,37,MN,2
290,18,ND,3
220,25,OH,10
13A,20,WA,31
290,13,NB,14
13A,8,NC,2
13A,13,NM,8
23C,8,OH,4
13B,8,OK,2
290,18,RI,4
23G,18,UT,1
13C,9,VA,1
250,2,WA,1
13C,46,CA,1
290,13,OK,1
120,18,MA,1
520,14,WI,1
13C,7,WI,1
13B,3,AZ,10
13C,24,AZ,4
290,13,DC,12
290,18,FL,10
13B,21,KY,7
290,5,MA,15
13B,7,ME,2
13C,15,MI,5
23F,18,MS,1
13C,25,NC,11
13C,20,SC,30
290,8,TX,1
13B,50,WA,5
13A,3,WI,7
13A,13,AL,2
09A,13,CA,3
290,25,DE,1
13B,12,FL,1
290,11,PA,2
13C,4,RI,1
13C,13,AK,2
13B,25,OR,3
23H,11,WI,1
290,53,MA,12
23H,55,MA,1
290,6,NC,1
23H,53,WA,1
13A,15,CA,23
290,20,CO,49
240,20,CO,1
120,10,CO,1
220,20,CT,3
13B,7,DC,4
13B,13,FL,34
13C,13,KY,36
13A,14,KY,1
13C,8,MN,1
35A,25,OH,3
23C,8,UT,4
13B,39,AL,1
13B,7,CO,3
23D,5,ND,1
26A,12,SC,1
120,13,SD,1
13B,7,WI,1
11B,13,CO,1
13C,50,DE,1
13B,17,FL,1
23D,5,MO,1
120,3,OH,1
13A,21,CO,1
13C,15,MA,1
13A,8,NV,1
13A,6,AZ,1
11A,20,DC,1
100,14,DE,1
290,14,WA,1
13A,20,AZ,34
13C,20,CT,73
13B,13,MI,83
23F,20,MI,7
13C,5,NH,1
13B,22,WA,10
120,13,WI,7
13C,8,AL,1
13B,20,IA,3
13C,5,IL,4
250,22,MA,1
13A,20,MD,4
13C,21,MO,5
13C,3,NC,2
13B,8,NM,1
13C,14,VA,1
13C,23,AR,1
23H,12,OH,3
13A,20,WY,1
13A,4,CO,1
26C,25,ND,1
220,14,OH,2
13C,12,TN,1
120,18,AK,1
290,17,MN,1
290,55,NC,1
120,8,WA,1
26A,25,WI,1
290,25,CT,15
290,13,ND,5
23D,12,TN,1
290,52,VA,13
23C,13,WA,1
13C,14,MN,1
23D,20,SC,2
13A,6,WA,1
290,8,WA,1
290,48,AR,1
290,5,IN,2
23H,46,KY,1
240,20,NC,1
13C,23,PA,1
13C,54,CA,2
250,20,CO,1
290,46,CT,1
290,18,MI,44
240,55,MI,1
120,17,ND,1
13A,3,NV,3
13B,3,OH,17
23C,24,OH,3
13B,38,SC,1
13C,22,CA,1
13C,7,CO,3
13A,1,CT,1
13B,18,KS,3
270,5,SD,1
120,18,WA,6
13B,16,WA,2
13A,10,KS,1
13C,5,KS,4
11D,20,MT,1
23H,5,ND,2
520,14,MO,1
09A,49,TN,1
290,7,TX,2
13B,14,WA,1
120,50,CO,3
13C,48,SC,1
290,14,CA,5
13B,3,FL,7
290,18,IL,13
290,5,NH,2
13C,25,NJ,95
13B,1,OH,1
13C,21,TN,11
13B,52,VA,5
120,13,GA,6
290,8,MA,2
120,22,MO,1
240,20,CA,1
13C,1,DC,1
290,8,NC,2
120,12,OH,1
120,24,TN,1
100,53,UT,1
13B,52,MD,1
13C,1,NC,1
23C,24,VT,1
13C,22,GA,5
290,20,IA,7
13C,5,MA,22
13B,13,MD,8
23C,7,MT,2
290,10,NH,3
290,24,OH,2
290,21,OH,10
13A,8,AK,1
220,24,AL,1
220,25,FL,1
13A,10,KY,1
290,11,MT,2
13C,11,TN,7
13B,21,UT,4
23C,12,WV,3
100,25,OH,1
240,10,WV,1
13B,20,AR,7
13B,52,CA,20
290,10,CT,8
13B,20,FL,23
13B,4,NC,2
290,13,SD,3
290,22,TX,8
23H,20,UT,6
290,20,UT,30
13B,11,VA,2
290,18,VA,20
13A,18,ND,1
13C,14,OR,1
13B,50,SC,2
23F,18,SC,1
23H,22,VA,1
13A,18,AL,1
290,52,MI,14
250,12,OK,1
13B,53,WA,4
240,20,MO,1
290,39,MT,1
13A,18,SD,1
13B,13,AK,4
13B,20,AZ,56
23H,22,CO,1
13A,25,FL,8
290,11,MA,11
23H,22,MA,7
13C,50,MI,2
13B,25,NH,1
13C,21,OH,17
290,22,RI,3
290,4,TX,28
13B,9,TX,5
13C,21,VA,6
13C,12,WA,6
290,22,AK,1
13B,8,AZ,5
13C,20,NB,6
13B,21,NB,2
13C,8,NC,6
250,7,VA,1
13B,53,DC,2
13C,23,GA,1
290,53,MO,2
23C,24,MI,1
09A,13,FL,1
290,3,VA,1
13C,50,CA,12
13A,18,KY,3
13B,21,MA,11
220,53,KY,1
290,10,SC,1
290,23,MO,1
23D,7,OH,1
240,18,OH,6
220,21,OH,2
13A,12,TX,1
23B,21,WA,1
26B,14,KY,1
240,20,OK,1
09A,4,SC,1
370,52,MA,1
13C,13,CT,42
13B,18,GA,4
13B,11,ID,1
13C,2,MA,1
13B,25,MA,33
23E,20,SC,1
13C,7,SC,2
290,44,SC,1
13C,25,TN,8
13B,5,TX,3
13A,18,WA,14
13C,12,CT,1
13B,11,LA,2
13C,20,MD,3
23H,13,NB,2
13B,25,NB,3
23D,20,VA,2
11A,20,NC,1
23C,8,TX,1
35B,13,WV,1
26A,8,MA,1
09A,7,TN,1
290,53,CO,2
120,18,KY,3
23F,18,KY,4
13C,20,MA,266
13C,23,OH,16
120,18,OR,1
13C,25,SD,1
35B,20,UT,3
13A,22,WA,7
13A,19,CA,1
290,18,DC,2
13B,21,TX,6
290,24,NH,1
23H,20,OR,2
290,8,GA,1
13B,55,IL,1
13A,2,IN,1
26A,2,MA,2
290,17,CA,1
35A,7,SC,2
120,21,WA,1
13B,16,CO,1
290,25,FL,18
290,18,ID,3
200,20,IL,2
290,25,ME,5
13B,20,MI,115
13A,1,MN,1
290,21,NC,5
13B,22,TX,10
13C,14,KS,3
200,4,SC,1
13B,12,WV,1
210,20,KS,1
240,13,KY,1
200,20,OK,2
13A,9,AL,1
220,5,AZ,1
290,54,WA,1
13C,2,NJ,3
13C,20,CA,315
23H,21,KY,2
13A,21,MA,4
290,22,MD,23
13A,15,MO,2
290,7,NC,4
220,20,OH,60
13C,20,PA,37
13A,53,SC,1
220,20,TN,15
290,11,IL,2
13B,54,IN,1
23G,20,KS,1
23G,13,OH,1
13B,10,OK,1
290,50,AZ,3
23H,7,IL,1
250,2,MA,2
35A,23,MO,1
220,8,KY,1
290,53,ME,1
13A,8,NB,1
13B,50,UT,1
13B,23,CA,11
23D,20,CO,2
290,18,CT,10
220,20,IL,5
220,20,NC,5
290,13,OH,51
13A,20,TN,48
23H,13,TN,2
290,3,TX,3
13A,25,VA,3
13C,11,DC,3
200,12,NC,1
210,20,KY,2
23H,16,MI,1
120,45,DC,1
13A,50,MN,2
23D,39,ND,1
13C,5,NB,1
13C,20,AR,17
13C,18,DE,2
13C,9,ME,1
13C,3,MI,7
13C,55,MN,4
13A,20,OR,4
120,20,WA,3
120,10,WA,1
13C,11,MI,16
13B,15,WA,5
13A,23,WV,1
13A,21,MD,3
13C,19,NJ,2
23H,5,OH,1
220,20,OR,2
13B,21,WI,1
13A,50,CO,2
13B,7,LA,2
13A,25,LA,1
13C,14,SC,1
13C,2,MN,2
23F,25,WA,1
13B,25,AL,3
290,4,KS,5
120,25,MN,2
13A,20,NV,12
13C,53,VA,7
13B,24,NV,1
13A,21,VA,1
520,24,AZ,1
40B,14,CT,1
200,4,MI,2
26E,20,SC,1
13B,23,ND,2
13C,1,CO,1
13A,48,VA,1
13B,51,CT,1
290,14,ND,1
240,18,ND,1
120,1,CA,6
13A,20,CO,23
290,1,CT,2
120,10,KY,2
290,20,MO,67
23H,52,MS,1
290,5,NC,9
200,4,NJ,2
23C,12,OH,2
13C,13,SC,9
290,4,TN,17
290,24,CO,1
13C,25,NM,1
13B,10,UT,1
220,4,NH,1
13B,18,DC,1
13A,1,SC,1
13B,6,VA,1
290,52,CO,7
23H,25,CT,1
290,18,KS,4
13B,3,LA,2
23F,13,ND,1
290,20,ND,10
520,1,WA,1
13B,22,AL,3
290,5,CT,7
13C,7,CT,5
13A,2,FL,2
13B,11,IL,1
23H,18,CA,2
290,18,IN,4
13B,17,TN,2
23H,8,MA,3
13A,9,TX,1
13A,13,CA,324
13B,11,CT,3
290,25,DC,11
13A,14,GA,1
13B,20,MA,87
13C,12,MI,2
220,20,ND,1
13A,25,NJ,3
290,9,OH,3
13B,52,RI,2
290,10,SD,2
290,15,WA,2
240,20,WV,1
290,4,AK,1
13B,18,IN,4
13B,21,ME,1
13B,21,MN,5
13C,5,MN,7
290,3,MO,1
13A,20,UT,2
13B,20,WY,1
35B,25,KY,1
13A,53,MO,1
13C,4,PA,3
23H,8,PA,1
13B,52,CO,1
13B,7,FL,1
13A,4,IL,1
290,23,MA,1
13A,22,KS,2
13C,4,MA,6
200,4,MN,1
270,20,ND,1
35B,25,TN,4
13A,8,TN,1
120,18,WI,1
13C,12,NJ,10
13A,17,AL,1
13B,11,AL,1
23C,8,KY,6
13C,55,MI,6
13C,24,TN,1
290,19,TX,1
11A,20,MN,1
290,24,OR,1
23H,18,TX,1
13B,55,VA,2
13B,11,DC,1
13C,52,IN,2
23D,20,CT,1
120,13,CT,4
13C,4,CT,5
290,20,ID,14
290,16,MA,4
13B,14,MI,7
290,5,MI,6
290,22,MO,3
13A,20,ND,6
290,20,NJ,126
23H,20,OK,1
23F,20,SC,2
26C,25,TN,1
13C,17,WA,1
23C,17,WI,1
13A,18,ID,1
13A,14,MO,1
290,20,NB,16
13B,10,NB,1
290,50,PA,1
23H,25,RI,1
13B,12,SC,3
23C,7,AZ,1
13C,56,CA,1
13C,10,FL,1
11D,20,ND,1
13B,24,NJ,2
35B,22,UT,1
13A,50,LA,1
13B,5,UT,1
13B,52,WI,1
35A,8,MA,1
290,20,AR,8
120,13,FL,3
13A,11,MD,1
13B,22,MS,1
120,18,NJ,1
13A,18,TN,11
290,11,WA,10
11A,20,AL,1
23H,1,KY,2
13C,12,MA,2
290,10,VA,2
120,5,WI,1
23H,11,CT,1
13C,8,IN,1
13A,13,WV,2
13A,53,KY,1
35A,18,MA,2
13C,50,TX,1
23D,52,WI,1
13B,6,KY,1
13B,13,DC,93
13C,22,DC,1
290,18,GA,1
13C,18,IL,4
290,4,PA,3
13B,13,VA,36
13B,20,WI,14
290,14,IN,1
13C,14,PA,2
13B,11,WI,1
290,56,CA,1
11D,25,MA,1
290,20,LA,2
23C,25,SC,1
13A,7,TN,4
23F,52,OH,1
220,17,OH,1
13A,11,WA,2
290,1,AZ,5
290,51,CA,2
290,20,CT,56
13A,1,MA,3
13C,20,ME,38
13A,13,MT,5
23H,25,SC,3
13B,53,SC,6
13B,1,UT,5
13B,3,VT,1
13B,39,DC,1
26C,25,LA,1
26C,2,MI,1
13C,18,NB,1
250,7,TN,1
13C,9,WV,1
13A,21,IN,1
23H,24,TN,2
11D,20,AZ,1
13B,25,GA,1
290,23,AZ,1
290,8,CA,6
13B,5,KY,2
13B,14,ND,2
13B,20,SC,35
23F,20,TN,2
13B,18,UT,6
120,25,AL,1
220,46,CA,1
13C,7,IL,4
270,24,MI,1
23D,1,MI,1
220,5,TX,1
23C,23,MT,1
13C,14,OH,4
120,52,MI,1
220,4,AZ,1
13B,20,CA,110
13C,23,CA,12
13C,12,CO,4
13B,13,KY,41
13A,50,KY,3
13C,18,MA,17
13B,20,ME,11
290,20,NC,73
200,20,NJ,2
13B,15,NJ,1
13C,53,OH,21
250,7,SC,1
23C,8,TN,6
23C,12,TN,7
13C,18,VA,2
13C,1,WA,8
13C,17,CO,2
13A,22,MA,2
23H,19,WI,1
23C,8,CT,2
13A,11,MN,2
09A,13,MO,1
13B,11,NC,2
290,10,TX,2
26C,13,VA,1
13C,14,WA,1
13C,18,ME,1
23D,7,MT,1
35A,13,MT,1
13B,8,TX,4
23C,12,VA,2
290,18,NB,1
240,1,UT,1
23F,42,WA,1
13B,12,CA,9
240,18,CA,3
120,13,ID,1
13B,10,MA,3
13C,20,MI,299
13C,1,MI,4
13A,3,MI,10
13B,23,TX,2
13C,20,WI,19
13C,11,OH,8
120,23,AL,1
13B,3,IL,6
13C,54,MN,1
220,19,MO,1
13B,22,RI,1
120,18,AZ,2
13C,52,DC,2
23H,25,IL,2
13A,22,MD,1
13B,7,SD,1
290,52,TN,4
13C,12,AZ,1
11B,50,OR,1
13A,11,TX,1
23D,20,WV,1
120,13,CA,91
13B,14,CT,1
13B,20,GA,7
13C,10,KY,1
23H,13,KY,4
13A,20,MA,38
23H,23,MA,1
290,25,MD,3
13B,25,ME,6
290,18,NJ,23
35A,18,RI,1
13C,20,NM,5
23C,24,KY,1
11D,13,KY,1
13C,15,OH,7
240,14,OH,1
35A,7,WA,1
13A,14,MA,2
26C,20,MT,4
13A,5,AZ,1
13B,53,CT,2
13A,1,FL,1
23D,20,OK,1
11A,50,UT,1
290,10,CA,6
13C,53,CA,61
290,44,CA,3
23F,18,CO,4
13A,53,CO,1
13C,20,FL,27
13B,20,KS,21
26B,8,KS,1
13C,22,MA,27
13C,10,MA,4
23C,47,MI,1
35A,20,MT,1
13C,5,NC,8
23H,20,NH,1
250,11,WI,1
13B,21,AL,2
200,4,CO,2
13A,3,ID,7
13C,21,KY,7
13C,55,KY,2
13A,8,MA,1
13C,2,MI,1
13C,25,TX,6
290,12,FL,1
23D,21,KY,1
35A,20,NB,1
23C,55,OH,2
13C,24,DE,1
13B,9,MA,4
13A,52,MA,2
13A,21,NH,1
13C,2,TN,1
13A,8,CT,1
13B,9,MD,1
13A,1,AZ,6
13C,20,KS,47
120,13,MN,17
13A,7,NC,2
13A,13,OH,24
13C,11,SC,4
23F,18,VT,1
290,7,WA,2
13A,10,IN,1
120,13,MA,8
13A,12,MD,1
13C,1,MO,1
13B,5,OH,3
13B,23,MA,2
23D,20,ND,1
290,24,NM,1
13B,21,SC,4
23H,8,WA,1
13C,4,OK,1
13C,18,WI,2
13C,9,MI,10
23D,8,TN,1
13C,18,TX,9
13B,1,TX,5
290,24,WI,2
290,4,AL,2
13C,9,OH,7
13C,12,OH,9
13B,25,SC,1
13C,16,WA,1
13B,20,RI,2
35A,13,CT,4
13A,25,NC,3
13A,5,NV,2
220,4,RI,2
240,18,CT,4
13C,7,ME,2
26B,23,MI,1
13A,52,NC,1
13C,7,ND,1
23D,53,SC,1
120,50,WI,1
13B,13,CA,366
290,5,KY,2
23F,18,MA,9
290,13,ME,8
200,4,MO,1
13C,23,NC,5
23F,18,ND,5
13C,17,NJ,5
13C,9,NV,1
13C,50,UT,1
13B,18,WA,18
13C,21,KS,3
26A,25,MI,2
13B,5,MO,1
11A,20,PA,1
280,13,SC,1
09A,20,UT,1
13C,9,CO,6
13C,12,MN,1
13B,10,SC,1
13C,52,MA,7
23H,52,MI,1
290,9,OR,1
13A,15,WI,2
13C,25,CT,11
13A,22,CT,3
13B,18,MS,2
13B,20,OH,77
13B,13,WA,92
290,3,FL,1
13C,23,IN,4
13C,21,IN,3
13B,50,MN,8
13A,25,MN,1
290,12,OH,2
23H,13,MI,2
26C,7,WA,1
200,16,CA,1
23H,4,CA,2
13B,48,MA,1
13A,17,NV,1
220,4,UT,5
23G,5,KS,1
290,5,AR,1
220,24,CA,3
23H,8,KY,3
290,53,MN,11
13A,3,MT,2
13C,8,NJ,6
13A,20,AL,5
13C,21,AL,3
23F,53,SC,1
13B,55,UT,1
26C,23,OH,1
13C,21,OK,1
13B,14,NC,2
13B,1,NM,1
13B,38,CA,1
13B,3,DC,1
290,2,FL,1
13C,2,WA,1
13A,14,SC,2
13C,4,SC,1
120,18,TN,1
13C,14,AL,1
290,39,AL,1
13C,15,CO,7
290,24,CT,1
13A,5,KY,1
23F,18,MO,2
13A,22,NJ,1
13B,22,PA,5
220,52,CA,1
23H,20,IA,1
23H,24,MA,2
26A,13,TN,1
13A,17,CO,1
13A,52,PA,1
290,50,TX,1
290,5,CA,28
13C,13,NV,5
13C,5,DE,1
290,2,MA,1
23A,18,MI,1
11C,15,OR,1
23H,13,WI,2
13A,25,NB,2
290,18,VT,3
13A,14,WA,1
23H,52,IL,1
290,4,ND,1
13A,45,CA,1
13C,25,CO,9
13A,13,FL,38
290,20,GA,12
13A,7,KY,2
240,20,KY,5
220,53,MI,2
13B,21,MS,1
13B,7,NJ,2
290,53,SC,5
13C,20,TX,78
13C,22,TX,5
250,7,WV,1
13B,20,NM,4
13A,20,OK,3
200,13,KY,1
11A,13,MN,1
290,14,AZ,2
13C,9,DE,1
13B,25,LA,1
290,52,MA,14
13A,17,MA,1
13C,53,IL,2
290,25,AR,4
13C,12,CA,17
240,13,CA,1
13B,1,ME,1
11D,52,MT,1
290,4,NC,28
13C,3,ND,2
23H,20,NJ,11
13C,13,WA,59
13B,20,WA,55
13B,22,UT,5
13C,4,NV,2
220,4,SC,2
13A,12,CT,1
35A,9,CT,1
510,18,KY,1
13A,44,TX,1
13A,23,DC,1
13B,22,MA,24
13C,25,MI,21
23C,8,MO,3
290,21,MT,1
290,13,MT,5
13A,20,NM,4
13A,20,SC,13
35A,9,TN,1
120,21,CA,1
11B,13,KY,1
120,20,MO,2
200,25,OH,1
23H,10,CA,1
23H,20,LA,3
13A,18,NC,5
11A,20,ND,1
13A,50,TN,2
13A,16,FL,1
35A,13,LA,1
13C,52,NB,1
13A,17,AZ,1
13A,18,NM,2
35A,13,SC,1
13C,20,IN,48
23F,20,KY,3
520,20,MA,1
290,5,ME,7
11B,20,ME,1
23H,8,ND,1
220,7,TN,1
240,13,UT,3
13C,13,IA,3
13C,9,CA,8
23H,20,NM,1
13C,11,NV,1
200,13,WA,1
13B,23,LA,1
23F,20,MT,3
13A,50,TX,1
290,3,IL,1
23D,20,AR,1
290,24,AZ,5
290,4,CA,194
290,52,CA,116
290,20,IN,26
210,16,MA,1
13C,3,MN,2
13A,22,MO,2
13B,20,NY,244
290,8,TN,2
290,25,WI,8
13A,9,AZ,1
13C,2,CA,5
13A,25,OR,2
520,20,TX,1
26B,56,WA,1
290,23,NC,2
09A,23,TX,1
13A,20,CT,6
13B,51,MI,5
290,25,MT,7
13B,22,NB,6
13A,21,SC,1
290,24,TX,1
220,20,AL,3
23H,25,MI,1
23H,50,OH,1
200,17,ID,1
23H,8,OH,2
13C,12,TX,1
13A,8,VA,1
200,18,OK,1
370,25,SC,1
13A,25,CA,11
120,25,CO,1
13B,20,CO,37
290,13,ID,2
13A,10,IL,2
220,20,MI,25
13B,25,WA,14
11A,13,WA,2
13B,22,CO,4
13B,11,KY,1
220,21,NC,1
250,8,SC,1
220,18,SD,1
23F,20,VA,2
13C,24,LA,1
290,6,MA,2
290,8,OK,1
290,21,WI,1
13A,23,NV,1
220,18,OH,1
35A,22,AL,1
290,20,AZ,141
13A,25,AZ,7
290,50,KY,5
13B,3,MA,15
13B,7,NC,8
13B,5,NV,5
13B,21,SD,1
13C,18,AL,1
13A,3,ND,1
26A,9,TN,1
13C,15,NJ,2
35A,20,UT,3
520,13,WA,2
290,57,CA,5
13A,21,MN,3
290,57,WA,1
23C,12,MA,2
220,19,AR,1
13B,47,CA,2
23F,13,CO,4
13A,3,CO,8
120,20,DC,4
290,25,ND,3
290,22,NH,5
13C,3,AL,1
13C,3,CA,8
13C,8,OH,1
13B,52,SC,2
200,25,CA,1
290,3,KY,1
280,20,OH,2
13B,15,LA,3
13B,13,RI,2
23C,9,VA,3
13A,23,WA,1
13C,8,CA,8
13C,9,CT,13
11A,20,NY,2
13C,7,OH,11
290,11,VA,10
290,5,WV,1
13C,18,OK,2
210,5,WI,1
11A,20,AZ,1
35A,23,KY,1
23D,20,MA,7
200,4,MD,1
520,8,ME,1
13A,25,OH,7
13B,5,CO,1
23H,11,KS,1
23F,19,MO,1
26A,25,WA,2
11A,14,IN,1
240,20,MT,1
35A,53,SC,1
13B,13,KS,23
13B,11,MD,2
290,4,ME,6
35A,9,MI,2
290,25,OH,46
13C,53,OR,4
13C,41,TN,1
23H,13,UT,2
13B,9,WA,7
13A,10,WA,13
13B,10,AL,3
23H,25,AZ,1
290,20,AK,3
13B,52,MI,5
200,12,SC,1
23F,18,KS,1
220,52,MI,23
200,20,TN,1
290,53,TX,1
26B,52,WA,1
220,20,AZ,20
13A,18,CA,54
13C,11,CO,4
290,19,MA,1
13B,24,MI,6
26B,20,MI,2
23H,25,OH,6
290,22,PA,16
520,13,UT,6
13A,12,AZ,2
23H,18,MT,1
220,18,CO,1
13C,23,UT,1
26B,9,MI,1
13B,22,AR,1
13A,53,CA,16
13B,8,CA,5
13B,53,CO,7
290,20,DE,6
13A,8,IN,2
35A,20,KY,4
220,9,NJ,2
13B,25,OK,2
13C,13,TN,24
13C,23,TX,3
23F,20,MA,6
13C,52,TN,4
23F,18,WV,3
290,53,NB,2
13A,15,OR,1
13B,53,TX,5
13B,4,AZ,2
13C,14,ME,1
290,37,CA,2
120,22,CO,1
520,13,MI,1
290,4,MT,7
13B,18,NJ,7
13B,13,NV,16
13B,25,VA,5
09A,4,WI,1
13B,20,PA,8
13C,25,GA,2
13C,22,IL,1
13B,10,CA,7
09A,14,CA,1
35A,25,MO,1
120,13,NC,2
240,25,KS,1
290,21,KS,1
09A,20,MI,1
13C,53,MO,3
13C,2,NC,1
290,52,TX,7
11D,3,WA,1
35B,18,AZ,1
26B,24,MA,1
520,18,MO,1
26C,4,WA,1
290,4,AR,3
13A,50,CA,27
290,22,GA,5
290,24,MT,3
290,4,NJ,34
13B,15,OH,2
290,50,OH,17
13C,52,WA,7
13B,22,WI,2
13C,3,PA,2
120,20,AZ,4
290,13,DE,1
240,18,MT,1
13A,14,MN,1
13A,53,OR,1
120,20,UT,1
200,4,WI,2
290,5,DC,2
240,2,TN,1
220,21,UT,1
220,20,FL,10
13A,24,MA,4
26B,12,MI,1
13B,13,OR,20
290,7,TN,3
13B,5,TN,4
13B,23,WA,5
13B,16,FL,1
13B,24,ID,1
240,20,KS,1
13C,4,NH,1
280,53,OH,1
13A,3,OH,4
13A,20,PA,4
35A,20,SD,1
13A,11,KS,2
250,5,KY,1
13B,22,LA,3
11A,52,MI,1
23H,5,MO,1
23F,50,OH,1
13B,53,MD,2
35A,53,MO,1
35B,15,KY,1
290,11,SD,1
13C,13,AZ,38
23H,3,AZ,1
11A,13,CA,1
11A,52,CO,1
13B,23,MI,11
13B,13,PA,26
220,20,WA,26
23H,4,WA,2
13B,4,CA,4
13C,2,IN,1
13C,12,IN,1
13C,37,MN,2
13A,17,MO,1
13C,13,MT,1
23D,19,ND,1
13B,7,OK,3
13C,22,UT,6
13A,50,WI,2
26A,20,ID,1
13C,13,MD,1
290,23,NV,1
11D,11,TN,1
13C,10,OH,2
250,21,MI,1
23D,20,NH,1
290,13,GA,2
23H,20,VT,1
290,53,CA,121
13B,18,CO,7
13B,15,CO,15
290,13,IA,4
13B,20,IN,22
13C,5,ME,2
23H,12,MI,1
290,20,NV,41
13B,7,NV,4
23C,8,CO,3
290,22,ND,2
13B,2,NV,1
13B,10,OH,1
200,10,AR,1
13B,17,MO,1
13A,23,OK,1
26C,20,TX,1
23H,4,MD,1
13B,57,MI,1
100,18,SC,1
290,16,WA,1
120,12,CO,1
13B,10,KY,1
23D,8,MA,1
13C,21,ME,3
290,55,MI,15
13B,7,MI,5
290,22,NB,4
13C,22,NH,1
220,20,SC,15
290,52,SC,5
13C,20,WA,123
250,12,KY,1
13C,8,ME,2
13B,10,MO,1
13B,3,VA,8
13B,1,GA,1
120,25,NJ,1
35A,10,WA,1
290,6,AZ,1
23H,13,AR,1
13B,21,CT,4
220,20,KY,43
13C,7,MI,9
13A,53,MI,9
220,20,NY,20
11A,25,NY,3
11A,5,WA,1
13A,14,CO,1
13B,13,IN,14
13C,7,KY,2
13A,7,MO,1
23F,20,ND,2
23C,12,WA,5
13B,45,KY,2
290,53,MD,4
35B,13,SC,1
290,21,DE,1
290,12,MT,1
290,19,WV,1
290,8,CO,2
26B,7,CT,1
13C,15,KY,3
13C,24,MA,13
13B,22,OH,2
13C,7,OK,3
290,53,OR,9
220,20,RI,6
23H,7,NH,1
290,13,AR,1
13B,10,ND,1
13C,8,SC,1
13C,9,TX,1
120,20,NC,4
23C,25,OH,4
13B,9,CA,5
290,13,CO,14
200,20,MD,1
13C,20,NC,65
290,13,NC,16
290,18,TX,21
13C,52,VA,9
13C,3,WI,4
290,19,CO,1
26B,7,KY,1
220,5,MI,1
120,13,OR,2
120,18,VA,2
13B,13,IA,3
23F,20,ID,1
23H,18,MI,2
220,22,ND,1
290,23,OH,2
35B,20,MT,2
290,5,UT,1
11D,13,MA,1
290,4,MD,12
13B,20,MD,4
13B,21,MD,2
290,4,MI,31
220,13,NV,1
13B,3,WA,16
13C,22,WA,11
13B,14,AL,2
13A,38,CA,1
13B,1,VA,2
290,52,IL,4
13C,15,KS,2
220,20,LA,2
13C,4,ND,1
280,25,UT,1
13B,13,AR,2
13C,18,CA,43
290,47,CA,1
13A,23,IL,3
13B,18,KY,15
13B,13,ND,3
13A,20,NJ,5
13B,8,SC,3
13C,13,WI,5
13C,11,AZ,5
13B,17,CA,7
13A,22,OR,1
13A,19,WA,1
23H,22,IL,1
250,21,KY,1
13C,11,PA,6
40C,18,TN,1
23H,53,KY,2
13B,41,KY,1
290,52,OR,2
13B,1,RI,1
13A,15,TX,1
26B,20,VA,1
13A,5,WI,1
13B,1,AZ,26
290,13,CA,214
13B,18,IL,8
120,13,KY,16
290,52,KY,8
23D,21,MI,1
13B,3,MN,8
13C,22,NC,8
200,20,TX,2
13C,1,WI,1
13B,11,AZ,2
13C,5,CO,3
13A,18,IN,2
13A,22,ME,1
220,2,OH,1
290,21,WA,5
220,9,WV,1
23H,18,OH,4
13C,15,MO,1
13C,5,WI,1
26A,13,MA,1
120,25,NB,1
13B,13,ID,13
23H,20,KY,27
13C,18,MN,7
13A,14,NV,1
120,20,OH,10
13B,18,OH,17
13C,22,OR,4
290,18,SC,6
13B,25,TN,9
23H,20,AL,2
220,13,CA,2
13B,23,IL,2
13C,7,MA,9
13A,3,MO,5
13B,21,IL,5
13C,18,KS,1
13B,53,ND,2
290,55,KS,1
13A,3,SD,2
23H,24,VA,1
13A,18,AZ,17
120,3,AZ,1
290,18,CA,119
13A,16,CA,3
290,52,MN,5
13B,13,NC,33
290,25,NJ,191
13A,18,SC,6
13C,4,TN,5
23F,13,TN,1
290,20,VA,101
290,25,WA,19
290,14,WI,1
13C,10,NC,1
120,13,MD,3
13B,53,VA,14
290,24,WV,1
23C,8,AZ,1
13B,8,CT,1
120,20,DE,1
200,20,FL,1
13C,52,NV,1
26C,53,WI,1
120,2,MA,1
13C,7,AZ,5
13A,8,CA,4
13B,14,CO,1
13B,13,DE,6
13C,18,FL,4
13B,13,GA,15
290,6,KS,1
290,20,ME,17
13A,20,TX,34
13B,24,UT,1
13C,11,VA,4
23H,3,WI,1
290,57,CO,1
13B,52,IN,3
290,22,LA,2
23G,20,MI,1
520,20,ND,1
13C,13,WV,1
200,4,ID,2
23H,12,KY,1
290,11,ME,1
13B,52,MO,1
13C,6,MA,1
13B,53,NB,1
13A,53,TX,1
290,50,CA,33
290,4,CT,14
13B,9,KS,1
13C,20,LA,3
13B,17,MA,2
13A,20,ME,5
13B,22,MO,10
290,37,MT,1
120,18,NC,2
290,13,OR,27
13B,9,SC,1
13A,13,VA,11
120,50,WA,2
13B,11,WA,3
13B,46,CA,1
23H,9,OH,1
13B,12,PA,1
13C,5,OK,2
26A,41,CO,1
13C,19,IL,1
23H,25,LA,2
23D,20,OH,16
13A,11,UT,1
13A,11,MA,4
290,37,MI,1
13A,15,OH,1
120,4,TN,1
23C,24,UT,1
13B,18,CA,75
13B,5,CA,12
13B,15,CA,48
13C,13,FL,9
35A,13,MI,27
13A,25,MI,5
13B,20,NJ,18
290,4,SC,10
290,4,SD,5
290,53,VA,23
26A,7,WV,1
290,20,WV,10
13B,23,IN,2
13A,1,ME,1
11A,20,OR,1
13B,12,OR,1
13C,11,MO,2
220,12,WA,1
220,24,NM,1
13A,54,OR,1
120,16,MA,1
120,5,CA,1
26C,8,KY,1
23D,22,MA,1
11D,22,MA,1
13B,9,NC,3
13A,25,TX,4
26A,20,WA,3
13A,18,WI,4
13A,24,AZ,2
13B,12,AZ,3
220,13,DC,1
13A,25,WI,1
220,6,TX,1
13B,4,VA,1
23H,22,AZ,1
11C,13,CO,1
290,38,MI,1
26B,20,CO,1
290,9,FL,1
13A,1,MI,2
290,50,MI,9
120,20,NJ,1
200,20,NY,7
35A,52,TN,1
290,10,CO,6
290,4,IN,7
13A,13,IN,7
290,16,TN,1
220,20,AK,1
23H,18,SC,1
09A,10,CA,1
13B,45,MA,1
290,57,MN,1
26A,18,OH,1
13B,54,WA,1
120,7,KY,1
13A,18,OK,1
13B,25,FL,14
13A,23,FL,5
290,13,MA,79
13B,3,NJ,6
240,2,OH,1
11D,13,SC,1
120,20,TN,5
290,11,TN,7
220,4,AR,1
13B,9,MO,1
290,4,OK,5
23H,21,LA,1
200,20,LA,1
13B,12,ME,1
120,50,MO,1
13C,52,NH,1
26A,25,UT,1
290,52,NV,1
13C,15,TX,1
13A,54,CA,1
290,7,MN,1
13C,52,TX,2
290,20,IL,52
290,20,KY,95
13B,50,KY,2
290,20,MD,23
13B,1,MI,4
35A,13,MS,2
290,24,NJ,14
13B,50,OH,7
290,20,RI,10
13C,22,SD,1
13A,13,TN,26
11A,25,TN,1
23E,14,TN,1
290,11,TX,4
23H,5,CO,1
13B,3,SC,5
13A,16,TX,1
13A,22,WV,1
23C,24,ND,1
35A,20,ND,1
13A,9,KY,1
13A,46,KY,1
200,23,NV,1
220,53,MT,1
290,7,DC,2
11D,9,KY,1
13C,8,MI,7
200,1,NV,1
13B,9,OH,2
13B,11,SC,3
13A,13,TX,32
13A,1,UT,1
09A,20,WA,1
13B,21,OH,4
13A,53,MN,2
290,18,OK,2
23H,53,OR,4
23H,12,UT,2
13A,24,WV,1
13A,25,AR,3
13C,7,LA,1
13B,13,MT,4
13B,2,DC,1
200,4,TN,1
23H,7,WV,1
290,52,CT,14
290,18,KY,21
13C,25,ME,2
23F,18,MT,1
13C,21,TX,3
13B,11,TX,3
23H,25,WA,6
13C,20,RI,2
13C,14,CO,5
23F,38,CO,1
13A,22,ID,2
23H,20,KS,4
13B,21,WV,2
13B,15,IN,1
13B,5,MA,4
13C,53,ME,6
100,25,MS,1
220,4,NC,1
220,20,NJ,3
220,20,IA,2
13C,11,NC,5
120,17,SC,1
13B,50,TX,4
13B,15,AZ,1
35B,13,KY,2
35A,23,UT,1
290,25,VT,1
23C,9,WA,1
13B,25,CO,6
290,10,KS,5
290,4,KY,13
13B,25,KY,5
13B,18,MI,38
13A,13,ND,3
290,13,NJ,71
290,5,VT,1
290,5,WA,8
120,12,CA,3
13B,1,CO,4
13A,13,LA,5
13B,13,NM,6
13C,15,NM,1
290,1,WA,5
13C,52,CO,5
290,53,TN,5
13B,23,DC,1
26C,25,KY,1
13A,50,NC,1
13C,7,OR,1
23D,53,UT,1
13C,18,AZ,13
13A,55,CA,4
290,1,CA,10
240,13,CO,1
13A,50,MI,1
100,13,MS,1
13C,13,NC,20
200,25,NY,6
290,25,TN,6
220,20,MN,2
13C,24,ND,1
13C,52,OH,2
200,14,OR,1
13A,22,VA,1
240,13,WA,2
23C,8,ND,2
270,25,OH,1
200,13,TN,1
35A,20,WV,1
120,53,IL,1
26A,55,MA,1
13B,53,ME,1
13A,13,AZ,62
23G,18,CT,2
290,20,FL,74
13B,18,FL,13
13B,22,FL,5
23D,20,MI,5
13B,24,TN,2
120,25,VA,2
290,22,WI,11
290,22,CO,2
13A,14,ID,1
13B,8,IL,1
13A,3,OR,1
13C,1,RI,1
240,20,WA,4
13C,52,NC,13
290,22,FL,4
13B,22,KS,11
13B,3,KY,6
13C,18,MI,17
13C,50,MN,8
13B,20,MT,15
13C,2,SC,2
13A,18,TX,19
23F,20,UT,1
13B,16,CT,1
23H,5,KY,2
240,25,OH,2
290,5,PA,3
23H,50,UT,1
13A,16,SC,1
13B,8,UT,1
120,13,WV,2
13C,11,FL,1
220,4,FL,1
26A,24,WV,1
13B,8,RI,1
13B,22,IN,6
290,1,NJ,12
290,4,OH,15
13C,5,AL,1
26B,20,KS,2
23F,18,OH,6
35A,50,OH,1
13B,14,AZ,3
09A,1,AZ,1
220,5,ID,1
23H,18,ID,1
26C,20,KY,1
220,4,MA,3
13C,22,AR,6
290,15,CA,1
250,20,KS,1
13B,8,MA,3
13C,23,MA,8
13A,13,MI,60
13B,20,MO,26
13B,13,NJ,34
13C,18,OH,31
23H,18,TN,3
13C,9,WA,4
13B,3,WY,2
290,13,AL,2
13B,5,IL,2
13C,52,MN,2
290,14,NC,3
220,4,VA,4
13A,7,IN,1
11A,20,MA,2
13C,8,PA,1
13B,11,NM,1
220,20,PA,1
290,22,AZ,18
13B,8,NC,4
290,25,NH,2
290,11,OH,2
290,21,ID,1
13B,18,ID,1
13A,23,IN,1
13B,21,NJ,4
13B,21,KS,1
13C,52,MO,8
13A,12,OK,1
13C,21,SD,1
13C,10,CA,4
13C,9,AK,2
11A,19,MA,1
290,53,NH,2
120,1,TN,1
290,10,TN,2
250,11,MT,1
35A,13,AR,3
13A,17,CA,4
120,10,CA,5
13B,20,CT,27
13C,13,OH,104
13C,22,PA,11
13C,4,UT,1
13C,5,VA,7
13B,3,AL,1
26A,25,MA,3
13B,12,MA,4
290,9,MA,8
13B,22,NM,1
13A,5,IN,1
13A,11,MI,1
290,50,NC,1
13C,53,NC,6
13C,47,PA,1
23F,8,UT,1
13C,48,WA,2
240,11,OH,1
35A,20,AR,1
13C,21,CO,4
13C,48,CO,1
13C,13,IL,20
11A,25,IL,1
290,8,IN,1
13B,53,TN,30
13B,3,UT,2
13C,25,VA,2
13B,23,AL,1
13C,22,NB,3
13C,19,NC,1
290,5,IA,1
35A,13,MO,1
13B,18,NM,3
13C,55,CT,1
13C,52,IL,2
290,16,MI,1
13B,15,MT,1
23D,9,VA,1
13C,25,CA,51
13A,14,CA,7
13B,13,CO,49
290,20,DC,14
520,20,KS,1
13A,20,KY,15
13C,13,MA,109
13B,50,MT,1
23H,20,NV,2
13B,1,TN,6
11A,3,TN,2
13A,13,UT,7
290,10,WA,7
23C,12,CO,1
120,20,CT,1
13A,17,IL,1
290,7,KY,3
120,25,MA,2
290,12,NJ,5
09A,20,NY,2
120,8,AZ,1
290,50,CO,2
13A,52,CT,1
23H,21,OH,3
13C,7,UT,1
13C,1,NV,1
120,7,WA,1
13C,3,KS,1
11D,20,MA,1
290,20,AL,12
13B,18,AZ,14
220,20,CO,6
13C,5,KY,8
290,20,MA,140
13C,14,MI,2
23C,12,MI,2
13C,13,MO,11
13A,1,NV,2
13B,12,NV,6
13B,15,OK,8
13B,53,OR,1
26C,11,SC,1
13B,16,ID,1
13B,12,KY,2
270,9,TN,1
13C,12,VA,2
13A,10,ID,2
23H,18,MD,1
13B,23,OH,5
23F,18,VA,1
23H,24,WI,1
200,7,CA,1
23H,20,AZ,3
13C,21,DC,3
23H,25,DC,1
13C,11,DE,1
09A,20,FL,1
290,13,FL,8
13A,20,KS,8
13C,53,KY,13
120,24,KY,2
240,41,MT,1
290,25,NC,8
23H,4,NC,8
13C,20,ND,17
13C,8,TN,5
13B,20,UT,16
13C,6,WA,4
280,20,KY,2
13C,3,OR,3
13C,7,WA,2
13C,14,NV,1
13C,48,VA,1
13A,50,MT,1
13B,40,VA,1
290,57,MA,1
13C,41,MA,1
290,13,CT,26
220,23,CT,1
13C,10,ID,1
13C,5,TX,5
13C,8,TX,1
23H,18,WA,5
13C,14,CA,4
290,3,CO,1
13C,24,CT,1
13C,4,FL,1
23H,1,UT,5
250,23,ND,1
13C,20,AK,1
13A,9,MA,3
290,24,WA,2
13C,11,SD,1
23H,25,AR,1
13B,1,CA,48
13B,20,DC,12
13A,10,MA,2
13B,3,MI,20
13A,5,MI,3
23H,20,MN,1
13B,5,ND,3
13C,22,OK,6
26C,20,TN,1
26B,20,TN,1
13C,9,TN,1
290,5,WI,4
13A,20,WV,9
13B,20,AL,11
13C,23,MN,1
120,13,NB,1
13B,14,SC,4
13C,52,DE,1
11A,13,NV,1
220,18,KY,1
120,7,NV,2
13B,55,TX,1
13B,9,VA,1
23F,13,KY,1
220,24,WA,1
13B,54,WI,1
13C,10,ND,1
23H,7,TN,2
13C,17,CA,2
13A,13,CT,9
120,13,MI,11
13B,25,MN,8
200,20,NC,2
13C,9,NJ,61
290,11,SC,3
35A,25,UT,1
13B,12,AL,2
220,19,CA,1
290,22,DC,4
13C,5,FL,1
13B,23,KY,1
13A,23,MD,1
200,20,SC,2
13B,4,TX,2
13B,22,ID,2
23G,25,KS,1
13A,18,MD,3
13B,18,PA,3
13C,53,FL,2
13B,49,IN,1
13A,5,MD,1
26C,25,MI,1
13A,20,NB,2
13C,21,ND,1
13B,13,AZ,63
290,5,FL,7
13C,13,IN,13
200,20,MI,5
290,25,OR,5
13B,9,PA,1
220,20,TX,9
13A,20,VT,2
13C,9,NC,4
120,10,NC,3
200,4,WA,1
26B,8,WV,1
13C,24,CA,13
23F,25,CO,1
11A,14,MA,1
26B,14,MS,1
220,18,NB,1
13C,21,NC,4
26B,8,TN,1
13B,21,NH,3
26B,7,SC,1
13B,18,SC,3
35B,1,UT,1
13B,3,NM,1
13C,4,OH,1
13C,5,CA,29
13A,21,MI,4
23H,10,MI,1
120,20,MA,3
290,18,MT,5
220,22,NC,1
13B,22,OR,1
280,13,WI,1
23F,20,VT,3
290,52,ND,1
280,13,OH,1
290,13,RI,1
290,14,NV,1
23F,18,CT,2
13A,13,ID,4
35A,53,KY,2
120,10,MI,1
290,22,NJ,227
35A,13,OH,5
23F,18,WA,9
13B,3,IA,1
290,21,IL,4
13C,8,ND,1
13A,55,SC,1
13B,11,WV,1
13B,4,LA,1
13C,2,OH,3
290,52,UT,1
13A,52,IL,2
13C,45,MO,1
13A,21,CT,2
23F,13,KS,2
23F,4,KS,1
290,1,KY,1
240,18,MA,2
13C,24,MI,8
13A,9,NJ,4
13B,25,NY,838
13B,7,WA,5
13C,8,WI,1
13B,13,AL,3
13B,4,CO,1
13B,14,TN,2
23H,11,MA,1
200,4,VA,1
120,8,WV,1
23H,6,KY,1
13B,12,MO,3
23H,5,FL,1
290,55,VA,1
13B,7,CA,12
290,5,MN,4
13A,15,MT,4
13B,20,VT,6
13A,25,IL,2
200,13,MD,1
13B,20,NB,16
23H,25,MA,2
26A,20,MO,1
250,25,TN,1
290,7,VT,1
220,4,WA,2
13A,4,AZ,1
13C,9,KS,1
13C,4,ME,1
26B,8,OK,1
11B,15,KS,1
13C,10,MI,1
13A,12,OR,1
13C,52,CA,20
120,20,CA,18
13A,23,CA,5
13C,5,DC,3
290,12,NC,4
13C,3,OH,16
220,24,OK,1
26A,20,SC,1
13A,20,SD,6
35B,20,WI,1
13A,8,AZ,4
290,11,MD,2
290,9,CO,1
13A,21,TX,3
13B,8,CO,2
13A,2,DC,1
23D,20,ID,1
11B,20,WV,1
13B,12,AK,1
13C,15,FL,1
13A,4,MN,1
23D,20,PA,2
13B,9,SD,1
240,18,CO,2
13C,10,IL,1
13C,8,MO,2
290,21,NJ,10
13B,14,NV,1
13C,25,PA,4
290,18,PA,2
280,25,TN,1
13C,4,WA,7
26B,20,MA,1
13B,22,MD,8
26C,20,MI,2
290,37,MN,2
100,13,TX,1
13B,47,CT,1
13A,3,DC,2
13C,3,IN,2
13B,8,KS,2
13B,15,KY,1
210,53,OH,1
13C,7,VA,2
13B,9,ID,1
13A,24,KS,2
290,50,MD,2
290,3,NC,1
200,13,NC,1
220,14,ND,1
13B,22,IA,1
13A,11,ID,1
120,50,TX,2
13C,4,CA,32
13B,50,CO,2
23H,20,ND,3
290,20,NH,10
290,4,NV,3
13B,20,DE,1
290,52,IN,6
13C,1,MA,6
13C,7,TX,6
220,5,CA,2
13A,20,GA,4
13C,13,GA,14
13C,8,OK,2
290,52,VT,2
120,23,AZ,1
23D,5,ID,1
26A,5,ND,1
290,23,VA,2
13C,15,DC,1
13C,23,VA,1
13C,21,CA,28
13B,22,CT,11
13C,22,FL,5
13B,3,ID,8
13B,24,KS,2
270,5,MS,1
13B,15,NB,3
13A,13,NC,26
13A,25,SC,1
13C,53,TN,5
13B,21,IN,2
290,13,SC,5
120,10,FL,1
290,5,ND,1
13C,24,VA,2
13C,8,IL,1
240,20,MA,3
13C,20,MT,2
220,4,CO,1
13C,24,MD,1
13A,20,CA,124
13B,25,CT,4
13C,15,CT,1
120,20,IN,1
35A,20,KS,1
290,11,NJ,26
23H,20,OH,42
36A,20,OH,1
13B,18,TX,29
13B,24,VA,1
290,52,WA,8
23D,23,WA,1
13B,13,WI,23
23H,14,KY,1
13B,8,ME,1
290,50,MT,1
13A,11,NV,1
13C,8,WA,1
290,19,WI,1
13B,15,KS,3
13C,23,AZ,2
13A,39,DC,1
13C,25,IL,4
23F,24,KS,1
220,53,NB,1
23G,5,OH,1
26E,25,WA,2
23C,24,WA,2
290,16,ID,1
13C,24,MO,2
290,4,MO,11
13A,13,NH,1
13C,20,NV,25
120,25,NY,13
250,2,UT,1
220,23,MA,2
290,5,MO,1
35A,13,ND,1
120,2,TN,1
290,25,WV,2
13C,9,NB,1
290,37,OH,2
13B,54,OR,1
290,19,CA,3
290,22,IN,26
290,11,NC,9
13A,18,OH,6
220,20,OK,6
23C,8,SC,8
11D,53,UT,1
210,5,UT,1
290,4,VA,25
290,18,WI,7
13A,11,CT,1
290,8,MI,1
120,23,DC,1
290,3,TN,1
13A,10,AZ,1
23H,8,LA,1
290,23,TN,1
23H,23,KY,1
23C,23,MI,1
290,24,VT,1
120,22,WA,1
13B,20,AK,1
290,8,FL,2
35A,55,MI,1
370,20,MI,1
13B,18,MN,11
290,25,SD,2
290,50,UT,3
13A,3,WY,1
220,5,OH,2
13C,23,TN,2
290,4,VT,3
13A,7,AR,1
13C,21,GA,7
13C,11,MN,5
13A,15,MN,2
120,20,MI,1
13C,5,MO,3
09A,18,CA,1
210,20,CO,1
220,4,NM,1
13C,13,CA,144
13A,3,CA,29
13B,50,CT,2
23H,20,ID,3
290,22,IL,8
250,2,KY,1
13A,18,MI,18
13B,13,MN,35
13A,18,NJ,7
13B,1,NV,5
23H,25,NY,13
23H,20,PA,3
35B,20,TN,2
23H,20,WA,13
35A,18,WV,2
13C,16,CA,1
13A,13,DE,5
23H,13,MA,3
11A,13,MO,2
100,20,OH,4
13B,42,OR,3
13C,25,ND,2
23F,23,SD,1
13C,5,SC,2
290,10,UT,1
36B,20,WV,1
13C,1,CT,1
13A,7,WA,1
26C,25,WA,1
13A,20,IL,18
26B,8,KY,1
120,18,MI,4
26A,20,ND,1
13C,13,NJ,131
290,14,OH,2
13B,1,OR,4
13A,10,SD,1
13A,22,TX,3
13C,4,IN,2
220,20,NH,2
13C,5,NM,1
13A,11,DC,1
13A,50,DC,1
13A,11,FL,2
370,25,MI,1
13C,4,SD,1
13B,52,TX,4
13A,9,OH,1
13A,1,CA,27
13C,37,CA,1
290,53,CT,9
13C,22,KY,6
290,11,MI,7
13B,25,NC,8
290,13,UT,10
13C,22,VA,2
13C,15,CA,7
13A,22,NB,1
23B,23,OH,1
120,20,FL,1
13C,11,ME,2
23G,18,OH,1
23H,24,UT,1
120,1,WA,1
23H,13,AZ,2
290,42,CA,2
13C,7,CA,13
13C,53,MI,61
120,21,MI,1
13A,3,NC,1
13B,20,NV,27
13C,53,WI,2
13C,14,CT,2
23H,24,KY,1
23C,23,OH,3
290,19,OR,1
120,9,NV,1
13B,17,AZ,1
13C,57,MI,2
13B,5,NB,2
13B,12,OH,1
26A,20,UT,1
200,4,NM,1
13B,22,AZ,13
13C,5,AZ,7
290,22,MA,79
13A,13,MD,17
13C,13,ME,13
13B,25,NJ,11
13B,20,OR,13
120,13,TX,10
13C,20,VA,36
13A,53,VA,2
290,13,AK,1
11A,20,OK,1
290,25,SC,7
13A,47,CA,1
13B,8,GA,1
13B,21,NV,4
240,5,OH,1
23A,13,WA,1
220,4,WV,1
290,15,LA,1
13B,11,MI,3
290,53,RI,1
13C,2,MO,1
13C,11,CA,18
200,4,CA,14
13B,20,ID,8
13A,3,KY,2
13A,18,MA,10
13C,22,MO,8
13C,5,OH,8
290,4,OR,18
13B,42,PA,1
13C,25,RI,1
290,14,SC,4
13C,8,UT,1
13B,15,UT,1
290,22,OK,2
23H,22,NJ,1
120,13,IA,1
290,21,KY,1
220,54,MI,1
23H,25,CO,2
13C,51,MI,3
13C,18,PA,9
290,24,SD,1
290,18,SD,6
13C,11,UT,1
23H,2,VA,1
240,18,WA,5
290,18,WA,23
13A,13,SD,1
13A,11,CA,4
220,53,CA,3
120,4,IL,1
13A,4,NM,1
13A,50,OH,1
520,13,VA,3
120,17,CA,1
23D,11,CT,1
11B,18,MI,1
290,6,NB,1
240,20,OH,3
13C,7,PA,1
13B,53,MA,4
200,13,NV,1
35A,25,TN,2
13A,53,ND,1
13B,23,VA,1
13C,14,KY,3
23D,3,MI,1
13A,20,MT,9
290,5,OH,2
290,21,NV,1
13C,12,SC,1
13B,3,SD,6
13B,23,SC,2
13C,50,MO,1
100,20,WA,1
13B,18,WV,2
200,25,WV,1
13A,7,AZ,4
13B,1,FL,3
13C,25,OH,49
26A,12,OR,1
290,20,SD,10
290,22,TN,9
290,4,WA,43
13B,22,ND,4
13A,7,CO,5
220,25,NJ,1
290,1,PA,1
13B,23,RI,1
13A,23,AZ,4
13B,21,GA,3
520,20,MO,1
26B,7,NB,1
23H,6,ND,1
210,20,WI,1
290,57,FL,1
13B,24,AZ,1
23H,25,KS,1
13C,15,MT,1
26A,8,OH,1
23D,25,WA,2
290,55,CA,7
220,6,MI,1
13B,20,MS,2
290,6,TX,1
13B,10,WA,10
120,3,CA,4
13C,9,IN,2
35A,10,UT,1
13C,4,WI,2
290,50,DE,1
23H,25,MT,1
13C,22,ID,1
290,52,OK,2
13B,10,TN,1
35A,23,WV,1
290,9,CA,6
23H,21,MI,1
13B,13,OH,58
290,21,TX,7
120,1,DC,1
13C,14,IL,2
13C,21,MN,5
13A,10,NH,1
13C,3,NV,1
13B,15,FL,6
13A,7,DC,2
13B,9,MN,1
13B,39,CA,2
13C,53,OK,1
13B,53,SD,2
13A,16,VA,1
220,19,WA,2
250,13,WA,1
11D,3,KY,1
13B,53,MO,9
13C,20,NY,41
200,22,OH,1
13C,17,OH,1
23C,12,SC,3
13A,25,UT,3
290,13,WA,44
13B,24,WA,3
290,17,AZ,1
200,20,KS,1
13A,17,MI,1
290,10,NB,3
13B,13,NB,6
13B,8,NJ,2
13C,10,TX,1
13C,20,VT,2
13B,8,MO,1
13C,5,WA,4
23H,4,AZ,1
13A,4,CA,1
120,20,CO,1
290,48,OH,1
23D,25,WV,1
13B,54,WY,1
13C,10,CT,1
13A,18,CO,15
220,20,KS,11
520,20,MI,4
13B,8,MI,5
13B,13,MS,1
23H,22,ND,2
220,20,NV,10
35B,12,TN,2
13B,12,TN,5
23H,5,TN,1
13B,12,WI,1
290,22,CA,2
23H,53,CA,1
13B,7,IN,1
13B,18,NB,1
13A,14,VA,4
13C,13,VT,2
13A,13,VT,1
11A,20,WA,3
13B,6,AZ,1
290,54,AZ,1
13B,15,TX,4
13B,8,WA,1
290,25,CO,9
13C,13,DC,17
290,20,MI,121
13B,12,MI,4
13C,11,OR,2
13B,20,TX,55
13B,53,UT,5
35A,20,WA,1
290,13,WI,7
23H,12,AL,1
13A,25,ND,1
290,12,WI,1
290,11,MN,1
220,14,NC,1
200,5,AK,1
290,1,MA,4
23C,9,OH,1
13B,2,OH,1
290,9,DE,1
13B,12,ID,2
13B,13,IL,37
13B,25,MD,8
240,20,MI,2
13A,21,NV,2
13B,13,TN,43
13B,21,TN,6
290,53,WA,5
13A,20,WI,14
13A,12,MA,2
290,53,MT,1
290,20,OK,12
290,5,OR,3
290,25,PA,3
13C,15,AR,1
13B,15,SC,2
13C,25,NV,1
13A,53,TN,3
290,52,WI,4
13B,22,WV,1
13A,50,WA,1
290,13,IL,14
13C,11,KY,10
220,20,MO,16
120,18,ND,1
13A,13,RI,3
290,50,TN,4
13B,22,VA,6
13C,25,VT,1
290,50,WA,8
13A,3,WA,6
13A,23,MA,3
23F,25,OH,3
13C,23,OR,3
220,10,RI,1
13B,9,NJ,2
36B,20,TN,2
13A,7,VA,2
13A,5,CA,1
35A,10,IN,1
13C,25,NB,2
13B,44,OH,2
23E,7,TX,1
23H,8,AL,4
13C,22,AZ,25
13C,20,IA,4
290,4,MA,27
290,53,MI,31
13A,18,MT,2
13C,18,SC,4
13A,12,WA,2
520,13,WV,1
13B,3,AR,2
13B,16,CA,5
220,48,KY,1
13B,10,NC,1
290,46,CA,1
13C,48,MN,1
290,48,MA,1
290,10,MA,19
13B,7,MN,1
13C,1,NJ,6
120,20,NV,3
13B,4,NY,27
13A,15,OK,2
290,13,VA,42
35A,13,WI,1
13A,25,GA,1
13C,22,IN,2
120,13,NM,2
13C,24,OK,1
220,20,MS,1
13C,22,VT,1
13C,23,AL,1
120,13,DE,1
13C,22,ME,8
13A,2,TN,1
13B,10,ID,3
13C,23,KY,2
290,15,NJ,1
13B,50,MO,1
11D,53,MO,1
100,13,SD,1
13C,54,TN,1
220,24,UT,1
13A,18,WV,1
120,18,LA,1
220,3,WA,2
13B,18,WI,2
13A,42,CA,1
290,18,NC,20
220,20,WV,11
120,11,CA,1
13C,8,GA,1
13C,25,KY,5
220,22,WA,1
290,7,CO,1
23G,20,KY,2
35A,18,WA,1
13C,57,MA,1
290,50,WI,2
23H,1,FL,1
13B,12,VA,1
290,25,CA,30
13B,14,CA,7
13A,3,CT,1
13C,4,DE,2
13C,9,MA,7
13A,3,MN,5
13B,14,NJ,1
13B,25,OH,17
520,3,TN,1
23G,13,WI,2
13B,20,ND,24
13C,13,DE,2
23H,7,UT,1
290,4,WV,2
23F,18,AZ,1
120,53,TN,2
120,13,MT,1
23H,13,OR,1
23C,24,VA,1
290,13,AZ,17
13A,20,ID,8
13C,48,KY,3
13C,4,NC,7
23D,25,OH,1
290,5,SC,4
26B,20,WA,6
290,8,IL,1
23H,7,KS,2
280,10,LA,1
290,12,NM,1
13A,13,GA,3
220,7,KY,1
11B,20,KY,1
13C,25,AL,2
23H,7,CA,1
13A,12,CO,1
13B,12,DC,2
120,23,KY,1
23H,4,MN,1
13A,25,TN,2
120,3,WV,1
13A,21,AZ,3
11B,20,CO,1
13B,24,GA,1
23H,4,MA,3
120,13,SC,2
23F,18,TN,1
13C,52,UT,1
280,1,UT,1
13C,48,CA,2
13B,13,MA,89
23H,20,MI,15
35A,18,MI,1
13B,20,MN,24
13C,13,MN,33
23F,13,MO,1
13A,13,NB,2
290,20,NY,345
290,20,OR,39
13B,22,TN,8
13C,18,TN,14
290,25,UT,3
290,24,VA,3
13B,20,SD,9
200,20,CA,7
200,22,NM,1
290,9,IL,2
200,22,PA,2
35A,10,TN,1
13C,12,NV,1
290,24,TN,1
13C,20,IL,34
26A,20,MI,4
13B,4,MO,1
23H,23,OH,5
120,13,OH,28
290,20,SC,26
13C,3,IL,3
290,44,KY,1
13C,11,ND,1
13A,15,AZ,2
220,17,CT,1
290,1,IN,1
40A,5,MA,1
220,4,OH,2
120,23,OH,2
13B,13,WY,1
26A,21,MA,1
290,13,MD,9
120,25,MD,1
13C,25,MO,7
13C,10,NH,1
13C,18,NJ,70
23F,21,OH,2
220,6,WA,2
13A,13,WI,17
13A,22,FL,3
13B,6,ND,1
13C,8,NH,1
13C,7,AR,1
13B,7,IL,2
290,53,UT,2
13B,7,TN,3
11A,20,VA,1
13C,52,WI,1
13C,4,WV,1
09A,15,IN,1
26A,20,CO,1
13C,21,MA,20
290,3,MI,1
13A,20,MN,18
26B,13,MO,1
290,53,OH,16
26C,20,OH,9
120,13,TN,6
13B,18,VA,23
290,53,AL,1
23H,20,NC,1
13A,21,WA,3
23D,12,OH,1
23H,20,IN,2
290,7,PA,1
370,20,IN,1
13B,24,NH,1
13B,4,FL,1
13A,13,IL,35
240,18,MI,3
13B,20,NC,23
13B,15,SD,2
23H,13,WA,10
13A,52,CA,9
13C,22,MD,1
13C,22,OH,2
290,12,VA,5
13C,14,MA,6
11A,10,MI,1
250,47,MT,1
290,19,NC,1
13C,44,VA,1
35A,13,WA,3
250,21,WV,1
220,42,CO,1
13A,9,IL,2
23H,25,MN,1
26C,2,NH,1
23F,20,CO,3
23D,4,CT,1
290,24,IL,1
13C,14,AZ,2
13A,10,FL,2
290,13,IN,10
13C,8,KS,1
290,22,OR,2
13B,1,WA,8
13B,52,KY,1
290,2,ME,1
13A,14,TN,1
120,18,CT,1
220,10,WA,1
290,55,KY,1
13B,45,TN,1
23H,13,VA,1
13B,53,WI,1
23D,9,WI,1
13C,53,CT,6
13C,18,CT,10
13A,3,FL,4
13B,2,NC,2
290,7,NV,2
13B,11,OH,1
290,13,PA,9
290,22,UT,13
23C,24,WV,2
13B,18,CT,7
13B,5,AZ,2
120,21,MA,1
26B,5,MI,1
290,41,OR,1
13A,3,PA,1
13B,50,MA,2
120,50,TN,1
13A,24,WA,3
13B,9,WI,1
120,50,CA,5
13A,1,CO,2
290,50,CT,8
13C,22,CT,19
220,12,ID,1
290,7,KS,1
290,13,LA,4
13B,18,MD,4
26A,24,MI,2
290,25,MN,21
23C,5,MS,3
35A,20,MS,1
13B,3,ND,10
13A,13,NJ,15
13B,3,TN,9
35B,13,UT,11
23H,20,VA,4
13C,4,CO,5
13C,8,CO,1
13C,55,SC,1
13C,13,AR,1
13A,21,NC,3
35A,22,TX,1
23H,22,CT,1
290,8,SC,1
290,18,AZ,26
13A,1,IL,3
13A,20,MO,19
11D,44,MT,1
13C,17,NC,1
13A,25,NV,2
13A,20,NY,17
13C,4,NY,1
13B,7,SC,1
290,4,UT,31
23H,20,WV,9
290,10,OR,1
13B,3,KS,6
13B,14,MA,5
290,21,OR,3
23F,20,AR,1
13C,50,CO,1
290,17,MA,1
26A,20,MA,4
13A,52,MI,1
13A,15,CO,1
13B,12,KS,1
13A,50,MA,2
13C,5,ND,2
23H,18,PA,1
13A,20,RI,1
13A,5,TN,1
100,6,WA,1
13B,21,CA,32
13A,13,CO,44
13C,11,CT,14
120,13,DC,28
13C,4,KY,6
13A,25,MD,4
290,20,TX,103
13A,15,AL,1
13A,13,IA,2
13B,11,KS,4
120,7,TX,1
280,20,AZ,1
23D,4,OK,1
13B,5,IN,2
290,52,NB,1
23D,14,OH,1
290,7,OH,1
13A,18,AK,1
13B,16,IN,1
120,25,FL,1
200,13,IL,1
13A,20,MI,53
290,4,RI,7
290,5,RI,2
13B,13,SC,14
11D,20,TN,5
290,3,VT,1
13A,13,WA,52
13B,14,IN,2
290,11,KY,4
290,9,MI,4
290,8,NJ,1
13C,7,TN,6
290,14,TN,5
13B,9,AZ,3
13C,48,MI,3
13B,18,NV,3
13C,57,CA,6
120,13,LA,1
13C,50,OH,2
100,20,VA,1
13A,3,AZ,7
290,22,CT,26
290,2,DC,1
23H,20,MS,2
13A,14,NC,2
35A,20,TN,10
290,22,VA,14
13C,3,WA,5
13B,12,WA,5
120,8,CA,1
120,7,CA,1
120,18,CO,4
13B,9,CT,2
13C,5,IN,3
13C,12,PA,2
13A,1,TX,1
23C,8,WI,3
13C,9,AZ,2
13C,13,NB,1
520,20,UT,1
200,8,WI,1
13C,44,CA,1
220,5,KS,1
11D,53,MI,1
200,13,OH,1
13B,16,MN,1
120,20,KY,1
13C,17,MA,1
13C,18,NC,8
290,25,TX,6
13A,3,AR,1
13C,12,AR,1
23H,18,IL,1
290,39,KY,1
290,18,LA,4
13C,53,NH,3
120,22,TX,1
290,50,VA,7
26C,20,WA,3
200,13,FL,1
290,10,ID,1
290,4,IL,9
13B,20,IL,22
13C,25,MA,47
13B,24,MA,5
13C,25,MN,17
290,16,NH,2
13C,22,TN,3
13B,25,WI,8
13C,53,AL,1
13B,7,AZ,6
13C,11,LA,1
290,18,MN,8
13C,13,NM,2
13B,25,SD,1
120,13,VA,4
13B,54,CA,1
23H,5,MA,1
13A,5,NC,1
13B,23,TN,1
23D,20,UT,5
290,41,CT,1
13B,14,FL,1
13C,38,FL,1
220,48,MA,1
520,13,MA,1
26B,12,OH,1
13C,6,TX,1
13A,9,WA,1
290,21,DC,1
13C,20,ID,18
13C,13,ID,6
13C,21,ID,1
290,9,MS,1
13B,25,NV,2
220,4,NY,10
290,55,OH,1
290,12,OR,3
13B,11,CO,2
13B,9,FL,1
200,13,IN,1
290,11,ND,1
13C,8,KY,1
120,1,AZ,1
13A,50,IL,2
520,50,KY,1
13B,11,NB,2
290,52,NH,2
13B,12,CT,1
23H,20,TN,8
13C,18,IN,3
23C,8,KS,2
290,21,MN,3
13B,3,NB,8
13B,11,TN,27
13B,48,KY,1
26B,20,OH,3
23A,20,OH,1
26A,20,WV,1
11A,20,LA,1
23H,13,MT,1
290,25,NM,1
290,11,CA,24
13C,20,CO,65
13C,20,DE,15
13B,1,MA,4
13B,18,MA,15
13C,13,OR,16
120,7,PA,1
13A,7,UT,1
13C,25,AR,4
23G,13,CT,1
290,5,GA,2
13A,9,ID,1
13C,11,IN,1
26C,20,MA,1
280,20,NB,1
220,4,NV,1
13C,3,TX,1
13C,16,NC,1
23F,48,ND,1
290,21,IN,2
13B,1,CT,4
13C,23,WA,4
13C,18,WV,1
290,22,KY,3
200,5,NV,1
290,22,NV,1
13A,22,ND,1
13A,7,TX,3
270,2,CT,1
23F,52,KY,1
210,20,MI,1
13B,48,WA,1
11A,13,CO,1
290,24,KS,2
13A,4,MA,1
120,7,MD,1
290,4,ID,11
13C,1,KS,1
13B,23,MD,1
13B,55,MI,4
290,6,MI,1
290,9,NJ,26
13C,21,NJ,25
23H,24,NM,1
13C,20,TN,132
35B,13,TN,6
13A,3,TX,3
13C,18,NM,1
13C,8,OR,1
13B,12,TX,4
13C,2,KS,1
13A,7,IA,1
13C,7,IN,1
26C,17,KY,1
120,55,OR,1
13B,8,VA,2
13A,7,PA,1
13A,20,AR,10
13C,3,AZ,3
13B,53,KY,19
13C,18,KY,8
13B,23,MT,1
13A,1,NJ,1
23H,5,SC,2
13B,25,UT,4
13B,9,KY,4
13A,20,LA,2
11D,15,TN,2
23H,13,CA,2
13C,21,PA,2
13B,9,VT,1
13C,50,CT,2
13C,48,OH,4
35B,12,TX,1
250,21,WA,1
13C,13,AL,6
13A,22,AZ,8
13B,23,AZ,7
13A,25,DC,1
13C,22,KS,5
23F,46,KY,1
13C,20,NJ,389
13B,18,OR,7
11A,25,SD,1
23F,18,UT,3
13A,15,DC,2
11A,52,CA,1
220,4,IN,1
13B,5,KS,1
13B,8,WV,1
290,7,NJ,2
290,8,OH,1
23H,8,VA,1
13C,11,IL,3
290,5,KS,3
290,25,MA,33
13B,9,CO,2
13C,6,LA,1
13C,24,NC,1
200,20,PA,6
13A,10,VA,2
13B,15,OR,3
13B,22,ME,3
13B,7,MO,5
23F,13,NB,1
220,4,NJ,1
290,20,PA,12
13C,20,SD,3
290,24,UT,2
23C,8,WA,8
290,6,AL,1
13B,11,FL,2
220,20,NB,2
13A,20,NC,16
23F,20,CT,4
13B,52,MN,2
13B,11,ND,1
13C,4,MO,3
23C,8,PA,2
290,24,MN,1
13C,18,GA,8
220,20,IN,4
290,22,SD,1
290,38,TN,1
13C,13,VA,21
35A,20,WI,2
13C,20,AL,10
290,10,NC,2
13B,23,NJ,2
290,2,NJ,2
26E,39,CT,1
23D,12,MT,1
13A,18,GA,1
35A,46,IN,1
120,22,KS,1
13A,24,TX,1
13B,55,CA,11
13B,13,CT,23
13C,6,ID,1
23H,23,MI,4
13A,13,MO,37
120,13,MO,10
290,7,OR,2
290,20,WI,26
23H,40,AL,1
290,25,IN,4
13B,53,OH,15
11A,3,OR,1
13B,13,SD,5
13B,15,IL,2
26B,2,KY,1
23H,51,MI,1
13C,13,KS,8
13C,52,KY,9
13B,4,MI,1
13B,12,NC,2
13B,3,NV,3
23H,4,NY,11
13B,13,UT,7
13B,13,VT,8
23D,20,WA,6
13B,7,MA,6
290,2,CT,1
290,6,IL,1
220,20,VA,7
120,12,WI,1
13C,42,CA,1
13A,57,FL,1
13C,4,GA,3
23C,24,MA,1
11A,20,TN,1
13C,21,AZ,7
220,4,CA,7
23H,13,CT,3
13B,1,IL,7
35B,53,KY,1
13C,18,MO,3
13C,13,PA,30
290,50,SC,1
290,4,DE,5
23B,13,KY,1
13A,18,ME,3
13B,11,UT,1
240,13,FL,1
11A,13,TX,1
520,11,UT,1
13C,20,WV,2
35A,13,MA,4
23H,12,WA,2
13B,12,CO,1
13A,13,ME,1
13A,13,AK,8
13C,55,CA,6
13A,18,FL,11
120,20,IL,2
13B,15,MI,10
13B,55,MO,1
23A,20,TX,1
23F,13,WA,8
13C,3,CO,6
220,20,ID,3
200,20,IN,2
13A,20,NH,1
23D,25,TN,1
13C,5,NV,1
13C,50,WA,2
26C,20,LA,1
13B,23,MO,2
13C,12,MO,1
240,13,WV,1
35B,3,WI,1
220,20,CA,49
290,7,CA,5
13C,52,CT,9
13B,10,KS,2
26A,20,KS,1
13B,50,MI,6
13B,3,MT,7
13A,7,OK,1
23G,20,SC,3
26A,20,TN,1
13C,20,UT,8
290,7,FL,4
13B,18,MO,12
13C,14,NJ,4
290,20,NM,8
23C,7,WI,1
23H,2,CT,2
13B,50,DC,1
23G,25,WA,2
35A,25,WA,1
23C,20,WA,1
13C,10,PA,1
13B,10,AZ,1
11A,13,IL,1
13A,14,MT,1
220,19,OH,1
13B,4,MN,1
13B,16,TX,1
120,13,CO,18
13C,7,NJ,22
13A,25,NY,117
13A,20,OH,15
240,20,TN,2
290,5,TX,7
290,22,WA,25
290,6,WA,2
290,22,WV,5
200,18,CO,1
13B,25,IN,3
200,12,OR,1
13B,7,VA,4
11A,20,CO,2
220,5,KY,2
13C,21,NB,2
240,24,ND,1
13A,11,OK,1
13A,11,VA,1
290,20,CA,539
13C,1,CA,26
23H,5,CA,1
13A,3,IN,5
290,13,KY,23
23C,8,MA,9
13A,25,MA,20
290,20,MT,15
290,25,NB,4
13C,20,NH,11
220,25,NY,61
35B,13,OH,4
13B,20,TN,128
35A,22,TN,2
290,18,TN,18
13C,8,VA,1
23D,20,WI,2
23F,18,WI,2
13B,56,AL,1
13B,3,GA,4
13A,14,ND,2
13B,3,OK,3
23H,13,CO,1
23H,13,ND,1
520,15,OR,1
26A,24,SC,1
290,12,TN,1
290,9,IN,1
13C,6,KY,1
290,12,CA,3
13A,24,CA,2
11D,20,KS,1
11A,20,MI,1
13A,24,TN,3
13A,10,TN,4
100,13,TN,1
13B,7,TX,12
23H,23,KS,2
290,18,ME,3
13B,3,OR,2
13A,15,ND,1
23H,8,CT,2
290,51,FL,1
290,50,MO,1
13A,23,NC,2
13B,50,ND,1
23H,2,OH,1
290,25,AZ,23
290,11,CT,7
13B,18,NC,15
13C,20,OK,25
13C,24,WA,5
26C,2,WA,2
13A,3,AL,1
13C,21,IL,5
290,18,NM,1
13A,23,OH,3
13B,5,OK,3
13C,5,OR,2
520,22,WA,1
23D,25,MT,1
35B,20,NB,1
23F,13,WV,2
23F,13,MT,1
13B,54,TN,1
120,9,CT,1
13B,11,OK,1
290,53,WI,1
13C,6,CA,1
120,18,CA,10
13B,10,CO,4
120,13,IL,6
290,13,KS,13
220,40,MI,1
13C,53,MN,22
13C,24,NJ,23
35A,13,TN,15
120,20,TX,1
11D,10,UT,1
13B,53,AL,1
13C,21,CT,8
13B,41,OH,2
13B,52,WA,3
290,3,WA,2
26A,21,SC,1
13B,47,WA,1
13B,54,AK,1
23D,25,CT,1
220,21,WA,3
13A,14,AZ,2
13B,25,AZ,14
13A,21,CA,16
13B,3,CO,16
23E,20,CT,1
13A,24,FL,1
13C,15,IL,2
200,20,KY,3
13A,3,MA,3
13C,4,MN,6
290,13,NH,9
290,11,UT,1
35A,13,UT,19
13A,10,CA,6
13A,48,OH,1
13C,4,DC,3
13A,13,OK,3
23C,20,LA,1
13B,17,MI,1
290,14,MO,1
120,21,NV,1
23G,20,CT,1
26A,20,NB,1
290,4,CO,22
13C,24,KY,4
290,18,MA,23
120,23,MI,1
13B,25,MO,6
290,25,MO,4
23G,20,MT,2
13C,53,SC,6
13B,14,VT,1
13C,11,WA,6
13A,18,DC,1
13C,8,ID,1
13C,1,IL,2
13A,5,MA,2
220,4,MI,3
13A,25,MO,3
290,48,PA,1
290,52,MO,5
13C,25,OK,5
220,53,OR,1
290,52,MD,4
13C,11,NH,1
23H,10,TN,1
250,23,WV,1
220,5,MA,5
13B,21,MI,13
290,25,MI,8
13A,23,MI,5
13A,21,MO,1
13B,15,ID,2
13B,3,MO,7
13B,21,MO,1
290,21,TN,6
13C,13,UT,1
290,8,VA,4
23G,13,WA,1
290,4,WI,3
120,12,OK,1
23H,22,UT,1
200,25,VA,1
13B,18,AK,2
220,25,CA,1
13B,53,IL,4
250,23,KY,1
23D,53,MT,1
290,39,OR,1
13B,11,PA,1
23H,7,MA,1
13C,9,MN,2
220,13,UT,1
13B,5,CT,1
290,4,GA,3
13A,13,KY,11
11D,20,MI,2
290,13,MI,43
13A,13,PA,19
290,13,TN,19
13B,3,TX,23
290,20,VT,7
13B,7,CT,2
13B,8,FL,5
13C,5,GA,1
13B,7,OR,1
200,20,OR,1
13C,10,WA,2
13B,11,GA,2
290,4,LA,1
290,9,MO,1
13A,15,WA,1
23H,52,CA,3
35A,25,IN,1
520,3,KY,1
200,16,ND,1
13C,24,OH,1
13C,53,IN,1
13C,20,AZ,125
35A,7,MI,1
35A,21,MI,4
290,51,MI,9
290,4,NY,103
290,11,OR,2
35B,8,TN,1
23F,20,WA,11
13B,4,DC,1
23H,18,GA,1
120,20,NB,1
23G,20,TN,1
13B,5,WA,2
13C,25,WV,2
270,41,MO,1
23F,13,OH,4
23H,21,WA,1
13C,6,CO,1
13A,39,GM,1
290,23,IN,1
13C,7,MO,1
220,20,NM,1
35A,12,TN,1
13A,14,TX,1
220,20,VT,1
26C,20,AR,1
13B,24,CA,4
220,52,CO,1
13C,4,NJ,19
13C,18,SD,1
290,13,TX,19
23H,7,WA,1
23C,8,WV,7
13C,18,CO,6
13A,7,MA,5
290,21,SC,1
290,9,NB,1
220,20,SD,1
13B,14,SD,3
23H,53,MA,1
13C,39,NC,1
23F,21,OK,1
13A,23,TX,2
13B,52,UT,1
23H,50,KY,1
13B,24,TX,1
220,20,AR,2
120,13,AZ,11
200,14,CA,1
13C,8,CT,4
13C,25,FL,10
13C,9,KY,3
23C,12,KY,1
13C,24,ME,1
23C,8,MI,4
13B,15,MN,1
13C,3,NB,1
13B,3,NC,4
200,4,NY,8
13B,52,TN,4
23H,22,WV,1
13C,21,NH,2
23H,18,NV,1
23G,25,TN,1
13B,8,TN,4
13B,3,DE,2
23H,4,FL,1
240,13,MO,1
13C,53,UT,1
13B,6,WA,2
290,11,ID,1
23H,52,MA,1
290,53,NC,2
13C,9,NM,1
